Workbook

Sheet START_HERE
A1: LANTERN PRACTICE CBC DATASET (n = 400)
A3: WHAT THIS IS: individual-level partworths from a professionally fielded pilot conjoint study on the canonical Lantern attribute grid (below), estimated by hierarchical Bayes. Three sanctioned uses: (1) PRACTICE the full analysis pipeline (WTP, importances, first-choice simulation, lineup economics) before your own field data closes; (2) CALIBRATE: sanity-check your own estimates against these; (3) FALLBACK: if your fielding fails despite following the protocol, the teaching team may authorize this dataset for your final deliverable (with a noted penalty exception). It is NOT a substitute for your own data otherwise.
A9: Canonical attribute grid (this dataset's design)
A10: Attribute | B10: Level 1 | C10: Level 2 | D10: Level 3
A11: Usage allowance | B11: Light (60 msgs/day, fast model) | C11: Standard (unlimited fast, 25 advanced runs/mo) | D11: Max (unlimited advanced, priority)
A12: Privacy | B12: Standard (chats may train models) | C12: No-training guarantee | D12: Vault (no-training + on-device sensitive mode)
A13: Assistant scope | B13: Answers only | C13: Life-admin agents (approve each action) | D13: Autopilot (recurring tasks, approval rules)
A14: Integrations | B14: None | C14: Email + calendar | D14: Full suite (email, calendar, docs, storage, budgeting)
A15: Household seats | B15: Individual (1 seat) | C15: Household (up to 5 seats) | D15: —
A16: Price / month | B16: $6 … $36 (survey levels $6, $12, $20, $28, $36; linear in $)
A18: Tabs: Utilities (partworths per respondent), Demographics, Dictionary (how to read and use the numbers), Worked_Example (live formulas).

Sheet Utilities
A1: Respondent_ID | B1: RLH | C1: usage_1 | D1: usage_2 | E1: usage_3 | F1: priv_1 | G1: priv_2 | H1: priv_3 | I1: agents_1 | J1: agents_2 | K1: agents_3 | L1: integ_1 | M1: integ_2 | N1: integ_3 | O1: seats_1 | P1: seats_2 | Q1: Price_per_+$10 | R1: NONE
A2: 1 | B2: 0.519 | C2: -0.3507 | D2: 0.1795 | E2: 0.1712 | F2: -0.5205 | G2: 0.1185 | H2: 0.402 | I2: -0.6009 | J2: 0.1312 | K2: 0.4697 | L2: -0.1837 | M2: 0.0927 | N2: 0.091 | O2: -0.0645 | P2: 0.0645 | Q2: -0.6785 | R2: -1.026
A3: 2 | B3: 0.555 | C3: -0.7902 | D3: 0.0087 | E3: 0.7815 | F3: -0.1588 | G3: 0.1003 | H3: 0.0585 | I3: -0.3791 | J3: 0.1949 | K3: 0.1842 | L3: -0.7092 | M3: -0.0961 | N3: 0.8054 | O3: -0.0453 | P3: 0.0453 | Q3: -1.065 | R3: -0.4968
A4: 3 | B4: 0.458 | C4: -0.3105 | D4: -0.0742 | E4: 0.3847 | F4: -0.5009 | G4: 0.0201 | H4: 0.4808 | I4: -0.8609 | J4: -0.0211 | K4: 0.882 | L4: -0.3954 | M4: -0.2051 | N4: 0.6005 | O4: -0.4462 | P4: 0.4462 | Q4: -1.1733 | R4: -1.5971
A5: 4 | B5: 0.63 | C5: -0.3876 | D5: -0.1058 | E5: 0.4934 | F5: -0.4845 | G5: -0.0188 | H5: 0.5033 | I5: -0.8266 | J5: -0.0562 | K5: 0.8828 | L5: -0.4376 | M5: 0.1057 | N5: 0.3319 | O5: -0.6783 | P5: 0.6783 | Q5: -1.2468 | R5: 0.1574
A6: 5 | B6: 0.426 | C6: -0.4445 | D6: -0.2771 | E6: 0.7216 | F6: -0.189 | G6: -0.0546 | H6: 0.2436 | I6: -0.2259 | J6: -0.0695 | K6: 0.2954 | L6: -0.5109 | M6: -0.047 | N6: 0.5579 | O6: -0.0317 | P6: 0.0317 | Q6: -0.7917 | R6: 2.3901
A7: 6 | B7: 0.634 | C7: -0.4402 | D7: -0.1482 | E7: 0.5884 | F7: -0.1951 | G7: 0.1918 | H7: 0.0033 | I7: -0.3662 | J7: 0.0292 | K7: 0.337 | L7: -0.6063 | M7: 0.0322 | N7: 0.5741 | O7: -0.1241 | P7: 0.1241 | Q7: -0.9076 | R7: -0.2833
A8: 7 | B8: 0.575 | C8: -1.19 | D8: -0.3653 | E8: 1.5553 | F8: -0.217 | G8: 0.1278 | H8: 0.0893 | I8: -0.3649 | J8: -0.0615 | K8: 0.4263 | L8: -0.503 | M8: -0.2991 | N8: 0.8021 | O8: -0.0372 | P8: 0.0372 | Q8: -0.9684 | R8: 1.3614
A9: 8 | B9: 0.604 | C9: -0.6127 | D9: 0.3775 | E9: 0.2352 | F9: -0.4887 | G9: 0.3228 | H9: 0.1659 | I9: -1.3338 | J9: 0.2628 | K9: 1.071 | L9: -0.617 | M9: 0.0903 | N9: 0.5267 | O9: -0.4407 | P9: 0.4407 | Q9: -1.9217 | R9: -1.5022
A10: 9 | B10: 0.696 | C10: -0.395 | D10: 0.2116 | E10: 0.1834 | F10: -0.6272 | G10: 0.4192 | H10: 0.208 | I10: -0.547 | J10: 0.4411 | K10: 0.1058 | L10: -0.3682 | M10: 0.0249 | N10: 0.3433 | O10: -0.0656 | P10: 0.0656 | Q10: -1.0669 | R10: -1.6902
A11: 10 | B11: 0.57 | C11: -1.7299 | D11: -0.4866 | E11: 2.2165 | F11: -0.2956 | G11: 0.0314 | H11: 0.2642 | I11: -0.7828 | J11: 0.0938 | K11: 0.689 | L11: -0.9013 | M11: -0.0486 | N11: 0.9499 | O11: -0.0185 | P11: 0.0185 | Q11: -1.1805 | R11: -0.7324
A12: 11 | B12: 0.518 | C12: -0.3494 | D12: 0.1395 | E12: 0.2099 | F12: -0.2328 | G12: 0.178 | H12: 0.0548 | I12: -0.4303 | J12: 0.3376 | K12: 0.0927 | L12: -0.2888 | M12: -0.0559 | N12: 0.3448 | O12: -0.0422 | P12: 0.0422 | Q12: -0.6272 | R12: -0.8218
A13: 12 | B13: 0.667 | C13: -0.5843 | D13: 0.124 | E13: 0.4603 | F13: -0.1402 | G13: 0.0306 | H13: 0.1096 | I13: -0.1815 | J13: 0.254 | K13: -0.0725 | L13: -0.502 | M13: -0.1469 | N13: 0.649 | O13: -0.0219 | P13: 0.0219 | Q13: -0.6969 | R13: 2.6216
... A401: 400 | B401: 0.648 | C401: -0.2776 | D401: -0.158 | E401: 0.4357 | F401: -0.3765 | G401: -0.1585 | H401: 0.535 | I401: -0.5546 | J401: 0.6754 | K401: -0.1209 | L401: -0.3928 | M401: -0.0068 | N401: 0.3996 | O401: -0.4303 | P401: 0.4303 | Q401: -0.9655 | R401: -0.651

Sheet Demographics
A1: Respondent_ID | B1: age_band | C1: occupation | D1: income_band | E1: paid_ai_subs_now | F1: ai_usage_freq | G1: privacy_concern_1to5 | H1: household_size
A2: 1 | B2: 25-34 | C2: professional | D2: $50-100K | E2: none | F2: few times/week | G2: 3 | H2: 1
A3: 2 | B3: 18-24 | C3: professional | D3: $50-100K | E3: one | F3: daily | G3: 3 | H3: 3
A4: 3 | B4: 18-24 | C4: student | D4: $100-150K | E4: none | F4: weekly or less | G4: 3 | H4: 2
A5: 4 | B5: 45-54 | C5: other | D5: >$150K | E5: none | F5: few times/week | G5: 3 | H5: 3
A6: 5 | B6: 25-34 | C6: professional | D6: $50-100K | E6: none | F6: daily | G6: 2 | H6: 1
A7: 6 | B7: 45-54 | C7: professional | D7: >$150K | E7: one | F7: few times/week | G7: 5 | H7: 3
A8: 7 | B8: 18-24 | C8: student | D8: $50-100K | E8: none | F8: daily | G8: 3 | H8: 1
A9: 8 | B9: 55+ | C9: student | D9: $100-150K | E9: none | F9: weekly or less | G9: 3 | H9: 2
A10: 9 | B10: 45-54 | C10: professional | D10: $50-100K | E10: none | F10: daily | G10: 5 | H10: 3
A11: 10 | B11: 25-34 | C11: professional | D11: $100-150K | E11: none | F11: daily | G11: 2 | H11: 1
A12: 11 | B12: 25-34 | C12: student | D12: >$150K | E12: none | F12: daily | G12: 3 | H12: 3
A13: 12 | B13: 18-24 | C13: professional | D13: <$50K | E13: one | F13: daily | G13: 2 | H13: 1
... A401: 400 | B401: 35-44 | C401: other | D401: >$150K | E401: none | F401: weekly or less | G401: 4 | H401: 2

Sheet Dictionary
A1: HOW TO READ AND USE THESE NUMBERS
A3: Column(s) | B3: Meaning
A4: usage_1..3, priv_1..3, agents_1..3, integ_1..3, seats_1..2 | B4: Zero-centered partworths (utils). Only DIFFERENCES within an attribute are meaningful.
A5: Price_per_+$10 | B5: Utility change per +$10 of monthly price (negative). Per-dollar coefficient = this value / 10.
A6: NONE | B6: Utility of 'I would keep using free tools' relative to the zero-centered plan coding. A plan wins the respondent only if its total utility beats NONE.
A7: RLH | B7: Root-likelihood fit from HB estimation (higher = cleaner respondent; < 0.45 warrants a look).
A9: Recipes (course standard)
A10: Task | B10: Recipe
A11: Utility of a plan for one respondent | B11: Sum the partworths of the plan's five feature levels + (price/10) × Price_per_+$10.
A12: WTP for improving level a → b | B12: (partworth_b − partworth_a) / |Price_per_+$10| × $10, per respondent. Report the MEDIAN across respondents (outliers distort means).
A13: Attribute importance | B13: Per respondent: range of that attribute's partworths ÷ sum of all attribute ranges (price range = |Price_per_+$10| × 3.0 for the $6–$36 span). Average within segments, not just overall.
A14: Simulating a lineup | B14: FIRST CHOICE: each respondent picks the highest-utility option among your tiers and NONE. Use first choice — share-of-preference splits utility across near-identical tiers and will tell you to sell the same bundle at two prices (the red-bus/blue-bus artifact). If your optimizer proposes duplicate tiers, you have hit that artifact.
A15: Take rate → demand | B15: Take rate × qualified pool (124,000) = eventual adopters m for the Bass forecast.

Sheet Worked_Example
A1: WORKED EXAMPLE — live formulas you can audit
A3: 1. Willingness to pay of respondent 1 for Vault vs Standard privacy
A5: Vault partworth (priv_3) | B5: =Utilities!H2 -> 0.402
A6: Standard partworth (priv_1) | B6: =Utilities!F2 -> -0.5205
A7: Price coefficient (per +$10) | B7: =Utilities!Q2 -> -0.6785
A8: WTP ($/month) | B8: =(B5-B6)/ABS(B7)*10 -> 13.596168
A10: 2. First-choice simulation of the lineup {Home $20, Pro $24} for respondents 1–10
A11: Home = Light usage, No-training, Life-admin, Full suite, Household. Pro = Standard usage, Vault, Life-admin, Full suite, Individual. Utility = sum of the five level partworths + (price/10) × price coefficient. Each respondent picks the max of {Home, Pro, NONE}.
A14: Respondent | B14: U(Home $20) | C14: U(Pro $24) | D14: U(None) | E14: First choice
A15: 1 | B15: =Utilities!C2+Utilities!G2+Utilities!J2+Utilities!N2+Utilities!P2+20/10*Utilities!Q2 -> -1.3025 | C15: =Utilities!D2+Utilities!H2+Utilities!J2+Utilities!N2+Utilities!O2+24/10*Utilities!Q2 -> -0.8892 | D15: =Utilities!R2 -> -1.026 | E15: =CHOOSE(MATCH(MAX(B15:D15),B15:D15,0),"Home","Pro","None") -> Pro
A16: 2 | B16: =Utilities!C3+Utilities!G3+Utilities!J3+Utilities!N3+Utilities!P3+20/10*Utilities!Q3 -> -1.7743 | C16: =Utilities!D3+Utilities!H3+Utilities!J3+Utilities!N3+Utilities!O3+24/10*Utilities!Q3 -> -1.5338 | D16: =Utilities!R3 -> -0.4968 | E16: =CHOOSE(MATCH(MAX(B16:D16),B16:D16,0),"Home","Pro","None") -> None
A17: 3 | B17: =Utilities!C4+Utilities!G4+Utilities!J4+Utilities!N4+Utilities!P4+20/10*Utilities!Q4 -> -1.6114 | C17: =Utilities!D4+Utilities!H4+Utilities!J4+Utilities!N4+Utilities!O4+24/10*Utilities!Q4 -> -2.27612 | D17: =Utilities!R4 -> -1.5971 | E17: =CHOOSE(MATCH(MAX(B17:D17),B17:D17,0),"Home","Pro","None") -> None
A18: 4 | B18: =Utilities!C5+Utilities!G5+Utilities!J5+Utilities!N5+Utilities!P5+20/10*Utilities!Q5 -> -1.946 | C18: =Utilities!D5+Utilities!H5+Utilities!J5+Utilities!N5+Utilities!O5+24/10*Utilities!Q5 -> -2.99742 | D18: =Utilities!R5 -> 0.1574 | E18: =CHOOSE(MATCH(MAX(B18:D18),B18:D18,0),"Home","Pro","None") -> None
A19: 5 | B19: =Utilities!C6+Utilities!G6+Utilities!J6+Utilities!N6+Utilities!P6+20/10*Utilities!Q6 -> -1.5624 | C19: =Utilities!D6+Utilities!H6+Utilities!J6+Utilities!N6+Utilities!O6+24/10*Utilities!Q6 -> -1.47688 | D19: =Utilities!R6 -> 2.3901 | E19: =CHOOSE(MATCH(MAX(B19:D19),B19:D19,0),"Home","Pro","None") -> None
A20: 6 | B20: =Utilities!C7+Utilities!G7+Utilities!J7+Utilities!N7+Utilities!P7+20/10*Utilities!Q7 -> -1.3362 | C20: =Utilities!D7+Utilities!H7+Utilities!J7+Utilities!N7+Utilities!O7+24/10*Utilities!Q7 -> -1.84394 | D20: =Utilities!R7 -> -0.2833 | E20: =CHOOSE(MATCH(MAX(B20:D20),B20:D20,0),"Home","Pro","None") -> None
A21: 7 | B21: =Utilities!C8+Utilities!G8+Utilities!J8+Utilities!N8+Utilities!P8+20/10*Utilities!Q8 -> -2.2212 | C21: =Utilities!D8+Utilities!H8+Utilities!J8+Utilities!N8+Utilities!O8+24/10*Utilities!Q8 -> -1.89676 | D21: =Utilities!R8 -> 1.3614 | E21: =CHOOSE(MATCH(MAX(B21:D21),B21:D21,0),"Home","Pro","None") -> None
A22: 8 | B22: =Utilities!C9+Utilities!G9+Utilities!J9+Utilities!N9+Utilities!P9+20/10*Utilities!Q9 -> -2.9031 | C22: =Utilities!D9+Utilities!H9+Utilities!J9+Utilities!N9+Utilities!O9+24/10*Utilities!Q9 -> -3.71988 | D22: =Utilities!R9 -> -1.5022 | E22: =CHOOSE(MATCH(MAX(B22:D22),B22:D22,0),"Home","Pro","None") -> None
A23: 9 | B23: =Utilities!C10+Utilities!G10+Utilities!J10+Utilities!N10+Utilities!P10+20/10*Utilities!Q10 -> -1.2596 | C23: =Utilities!D10+Utilities!H10+Utilities!J10+Utilities!N10+Utilities!O10+24/10*Utilities!Q10 -> -1.42216 | D23: =Utilities!R10 -> -1.6902 | E23: =CHOOSE(MATCH(MAX(B23:D23),B23:D23,0),"Home","Pro","None") -> Home
A24: 10 | B24: =Utilities!C11+Utilities!G11+Utilities!J11+Utilities!N11+Utilities!P11+20/10*Utilities!Q11 -> -2.9973 | C24: =Utilities!D11+Utilities!H11+Utilities!J11+Utilities!N11+Utilities!O11+24/10*Utilities!Q11 -> -2.0304 | D24: =Utilities!R11 -> -0.7324 | E24: =CHOOSE(MATCH(MAX(B24:D24),B24:D24,0),"Home","Pro","None") -> None
A26: Extend this logic to all 400 respondents (or ask Claude to do it — then spot-check three rows by hand) and you have a market simulator.
